[{"id": "en:egypt", "name": "Aegyptus"}, {"id": "en:ecuador", "name": "Aequatoria"}, {"id": "en:ethiopia", "name": "Aethiopia"}, {"id": "en:afghanistan", "name": "Afgania"}, {"id": "en:africa", "name": "Africa"}, {"id": "en:south-africa", "name": "Africa Australis"}, {"id": "en:aland-islands", "name": "Alandia"}, {"id": "en:albania", "name": "Albania"}, {"id": "en:algeria", "name": "Algerium"}, {"id": "en:andorra", "name": "Andorra"}, {"id": "en:angola", "name": "Angolia"}, {"id": "en:anguilla", "name": "Anguilla (insula)"}, {"id": "en:antarctic", "name": "Antarctic"}, {"id": "en:antigua-and-barbuda", "name": "Antiqua et Barbuda"}, {"id": "en:saudi-arabia", "name": "Arabia Saudiana"}, {"id": "en:arctic-sea", "name": "Arctic sea"}, {"id": "en:argentina", "name": "Argentina"}, {"id": "en:armenia", "name": "Armenia"}, {"id": "en:aruba", "name": "Aruba"}, {"id": "en:asia", "name": "Asia"}, {"id": "en:atlantic-ocean", "name": "Atlantic Ocean"}, {"id": "en:azerbaijan", "name": "Atropatene"}, {"id": "en:australia", "name": "Australia"}, {"id": "en:austria", "name": "Austria"}, {"id": "en:bahrain", "name": "Baharina"}, {"id": "en:bangladesh", "name": "Bangladesha"}, {"id": "en:barbados", "name": "Barbata"}, {"id": "en:palau", "name": "Belavia"}, {"id": "en:belgium", "name": "Belgica"}, {"id": "en:belize", "name": "Beliza"}, {"id": "en:benin", "name": "Beninum"}, {"id": "en:bermuda", "name": "Bermuda"}, {"id": "en:myanmar", "name": "Birmania"}, {"id": "en:bolivia", "name": "Bolivia"}, {"id": "en:bosnia-and-herzegovina", "name": "Bosnia et Herzegovina"}, {"id": "en:botswana", "name": "Botswana"}, {"id": "en:brazil", "name": "Brasilia"}, {"id": "en:united-kingdom", "name": "Britanniarum Regnum"}, {"id": "en:british-indian-ocean-territory", "name": "British Indian Ocean Territory"}, {"id": "en:brunei", "name": "Bruneium"}, {"id": "en:bulgaria", "name": "Bulgaria"}, {"id": "en:burkina-faso", "name": "Burkina"}, {"id": "en:burundi", "name": "Burundia"}, {"id": "en:bhutan", "name": "Butania"}, {"id": "en:jersey", "name": "Caesarea Insula"}, {"id": "en:gibraltar", "name": "Calpe"}, {"id": "en:cambodia", "name": "Cambosia"}, {"id": "en:cameroon", "name": "Cameronia"}, {"id": "en:canada", "name": "Canada"}, {"id": "en:caribbean-netherlands", "name": "Caribbean Netherlands"}, {"id": "en:czech-republic", "name": "Cechia"}, {"id": "en:chile", "name": "Chilia"}, {"id": "en:kyrgyzstan", "name": "Chirgisia"}, {"id": "en:vatican-city", "name": "Civitas Vaticana"}, {"id": "en:united-states", "name": "Civitates Foederatae Americae"}, {"id": "en:colombia", "name": "Columbia"}, {"id": "en:croatia", "name": "Croatia"}, {"id": "en:cuba", "name": "Cuba"}, {"id": "en:kuwait", "name": "Cuvaitum"}, {"id": "en:cyprus", "name": "Cyprus"}, {"id": "en:denmark", "name": "Dania"}, {"id": "en:dominica", "name": "Dominica"}, {"id": "en:eritrea", "name": "Erythraea"}, {"id": "en:estonia", "name": "Estonia"}, {"id": "en:europe", "name": "Europe"}, {"id": "en:faroe-islands", "name": "Faeroae insulae"}, {"id": "en:finland", "name": "Finnia"}, {"id": "en:france", "name": "Francia"}, {"id": "en:french-southern-and-antarctic-lands", "name": "French Southern and Antarctic Lands"}, {"id": "en:gabon", "name": "Gabonia"}, {"id": "en:gambia", "name": "Gambia"}, {"id": "en:ghana", "name": "Gana"}, {"id": "en:georgia", "name": "Georgia"}, {"id": "en:germany", "name": "Germania"}, {"id": "en:djibouti", "name": "Gibutum"}, {"id": "en:greece", "name": "Graecia"}, {"id": "en:grenada", "name": "Granata"}, {"id": "en:greenland", "name": "Groenlandia"}, {"id": "en:guadeloupe", "name": "Guadalupa"}, {"id": "en:guam", "name": "Guama"}, {"id": "en:guatemala", "name": "Guatimalia"}, {"id": "en:guyana", "name": "Guiana"}, {"id": "en:french-guiana", "name": "Guiana Francica"}, {"id": "en:guinea", "name": "Guinea"}, {"id": "en:equatorial-guinea", "name": "Guinea Aequatorensis"}, {"id": "en:guinea-bissau", "name": "Guinea Bissaviensis"}, {"id": "en:haiti", "name": "Haitia"}, {"id": "en:heard-island-and-mcdonald-islands", "name": "Heard Island and McDonald Islands"}, {"id": "en:switzerland", "name": "Helvetia"}, {"id": "en:ireland", "name": "Hibernia"}, {"id": "en:spain", "name": "Hispania"}, {"id": "en:honduras", "name": "Honduria"}, {"id": "en:hong-kong", "name": "Hongcongum"}, {"id": "en:hungary", "name": "Hungaria"}, {"id": "en:jamaica", "name": "Iamaica"}, {"id": "en:japan", "name": "Iaponia"}, {"id": "en:yemen", "name": "Iemenia"}, {"id": "en:india", "name": "India"}, {"id": "en:indian-ocean", "name": "Indian Ocean"}, {"id": "en:indonesia", "name": "Indonesia"}, {"id": "en:bouvet-island", "name": "Insula Bouvet"}, {"id": "en:christmas-island", "name": "Insula Christi Natalis"}, {"id": "en:curacao", "name": "Insula Curacensis"}, {"id": "en:norfolk-island", "name": "Insula Norfolcia"}, {"id": "en:the-bahamas", "name": "Insulae Bahamenses"}, {"id": "en:cayman-islands", "name": "Insulae Caimanenses"}, {"id": "en:cocos-keeling-islands", "name": "Insulae Cocos seu Keeling"}, {"id": "en:comoros", "name": "Insulae Comorianae"}, {"id": "en:cook-islands", "name": "Insulae Cook"}, {"id": "en:maldives", "name": "Insulae Maldivae"}, {"id": "en:falkland-islands", "name": "Insulae Malvinae"}, {"id": "en:northern-mariana-islands", "name": "Insulae Marianae Septentrionales"}, {"id": "en:marshall-islands", "name": "Insulae Marsalienses"}, {"id": "en:pitcairn", "name": "Insulae Pitcairn"}, {"id": "en:solomon-islands", "name": "Insulae Salomonis"}, {"id": "en:sao-tome-and-principe", "name": "Insulae Sancti Thomae et Principis"}, {"id": "en:seychelles", "name": "Insulae Seisellenses"}, {"id": "en:turks-and-caicos-islands", "name": "Insulae Turcenses et Caicenses"}, {"id": "en:jordan", "name": "Iordania"}, {"id": "en:iraq", "name": "Iracum"}, {"id": "en:iran", "name": "Irania"}, {"id": "en:iceland", "name": "Islandia"}, {"id": "en:israel", "name": "Israel"}, {"id": "en:italy", "name": "Italia"}, {"id": "en:yugoslavia", "name": "Iugoslavia"}, {"id": "en:kazakhstan", "name": "Kazachstania"}, {"id": "en:kenya", "name": "Kenia"}, {"id": "en:kiribati", "name": "Kiribati"}, {"id": "en:kosovo", "name": "Kosovo"}, {"id": "en:laos", "name": "Laotia"}, {"id": "en:lesotho", "name": "Lesothum"}, {"id": "en:latvia", "name": "Lettonia"}, {"id": "en:lebanon", "name": "Libanus"}, {"id": "en:liberia", "name": "Liberia"}, {"id": "en:libya", "name": "Libya"}, {"id": "en:liechtenstein", "name": "Lichtenstenum"}, {"id": "en:guernsey", "name": "Lisia"}, {"id": "en:lithuania", "name": "Lituania"}, {"id": "en:cote-d-ivoire", "name": "Litus Eburneum"}, {"id": "en:luxembourg", "name": "Luxemburgum"}, {"id": "en:macau", "name": "Macaum"}, {"id": "en:north-macedonia", "name": "Macedonia Septentrionalis"}, {"id": "en:madagascar", "name": "Madagascaria"}, {"id": "en:mayotte", "name": "Maiotta"}, {"id": "en:malaysia", "name": "Malaesia"}, {"id": "en:malawi", "name": "Malavium"}, {"id": "en:mali", "name": "Malium"}, {"id": "en:morocco", "name": "Marocum"}, {"id": "en:martinique", "name": "Martinica"}, {"id": "en:mauritania", "name": "Mauritania"}, {"id": "en:mauritius", "name": "Mauritia"}, {"id": "en:malta", "name": "Melita"}, {"id": "en:mexico", "name": "Mexicum"}, {"id": "en:federated-states-of-micronesia", "name": "Micronesia"}, {"id": "en:isle-of-man", "name": "Monapia"}, {"id": "en:mongolia", "name": "Mongolia"}, {"id": "en:monaco", "name": "Monoecus"}, {"id": "en:sierra-leone", "name": "Mons Leoninus"}, {"id": "en:montenegro", "name": "Mons Niger"}, {"id": "en:montserrat", "name": "Montserrat"}, {"id": "en:mozambique", "name": "Mozambicum"}, {"id": "en:world", "name": "Mundus"}, {"id": "en:namibia", "name": "Namibia"}, {"id": "en:nauru", "name": "Nauru"}, {"id": "en:netherlands", "name": "Nederlandia"}, {"id": "en:nepal", "name": "Nepalia"}, {"id": "en:nicaragua", "name": "Nicaragua"}, {"id": "en:nigeria", "name": "Nigeria"}, {"id": "en:niue", "name": "Niue"}, {"id": "en:non-european-union", "name": "Non European Union"}, {"id": "en:norway", "name": "Norvegia"}, {"id": "en:new-caledonia", "name": "Nova Caledonia"}, {"id": "en:new-zealand", "name": "Nova Zelandia"}, {"id": "en:oman", "name": "Omania"}, {"id": "en:costa-rica", "name": "Ora Opulenta"}, {"id": "en:pacific-ocean", "name": "Pacific Ocean"}, {"id": "en:pakistan", "name": "Pakistania"}, {"id": "en:panama", "name": "Panama"}, {"id": "en:papua-new-guinea", "name": "Papua Nova Guinea"}, {"id": "en:paraguay", "name": "Paraquaria"}, {"id": "en:peru", "name": "Peruvia"}, {"id": "en:philippines", "name": "Philippinae"}, {"id": "en:united-arab-emirates", "name": "Phylarchiarum Arabicarum Confoederatio"}, {"id": "en:poland", "name": "Polonia"}, {"id": "en:french-polynesia", "name": "Polynesia Francica"}, {"id": "en:portugal", "name": "Portugallia"}, {"id": "en:puerto-rico", "name": "Portus Dives"}, {"id": "en:cape-verde", "name": "Promontorium Viride"}, {"id": "en:qatar", "name": "Quataria"}, {"id": "en:china", "name": "Res Publica Popularis Sinarum"}, {"id": "en:niger", "name": "Res publica Nigritana"}, {"id": "en:san-marino", "name": "Res publica Sancti Marini"}, {"id": "en:taiwan", "name": "Res publica Sinarum"}, {"id": "en:central-african-republic", "name": "Respublica Africae Mediae"}, {"id": "en:republic-of-the-congo", "name": "Respublica Congoliae"}, {"id": "en:south-korea", "name": "Respublica Coreana"}, {"id": "en:democratic-republic-of-the-congo", "name": "Respublica Democratica Congensis"}, {"id": "en:dominican-republic", "name": "Respublica Dominicana"}, {"id": "en:moldova", "name": "Respublica Moldavica"}, {"id": "en:north-korea", "name": "Respublica Popularis Democratica Coreana"}, {"id": "en:reunion", "name": "Reunio"}, {"id": "en:romania", "name": "Romania"}, {"id": "en:rwanda", "name": "Ruanda"}, {"id": "en:russia", "name": "Russia"}, {"id": "en:belarus", "name": "Ruthenia Alba"}, {"id": "en:western-sahara", "name": "Sahara Occidentalis"}, {"id": "en:saint-helena", "name": "Saint Helena"}, {"id": "en:saint-martin", "name": "Saint Martin"}, {"id": "en:saint-barthelemy", "name": "Saint-Barthélemy"}, {"id": "en:saint-pierre-and-miquelon", "name": "Saint-Pierre-et-Miquelon"}, {"id": "en:el-salvador", "name": "Salvatoria"}, {"id": "en:samoa", "name": "Samoa"}, {"id": "en:american-samoa", "name": "Samoa Americana"}, {"id": "en:saint-lucia", "name": "Sancta Lucia"}, {"id": "en:saint-kitts-and-nevis", "name": "Sanctus Christophorus et Nevis"}, {"id": "en:saint-vincent-and-the-grenadines", "name": "Sanctus Vincentius et Granatinae"}, {"id": "en:senegal", "name": "Senegalia"}, {"id": "en:serbia", "name": "Serbia"}, {"id": "en:singapore", "name": "Singapura"}, {"id": "en:sint-maarten", "name": "Sint Maarten"}, {"id": "en:slovakia", "name": "Slovacia"}, {"id": "en:slovenia", "name": "Slovenia"}, {"id": "en:somalia", "name": "Somalia"}, {"id": "en:south-georgia-and-the-south-sandwich-islands", "name": "South Georgia and the South Sandwich Islands"}, {"id": "en:south-america", "name": "South-America"}, {"id": "en:state-of-palestine", "name": "State of Palestine"}, {"id": "en:sudan", "name": "Sudania"}, {"id": "en:south-sudan", "name": "Sudania Australis"}, {"id": "en:sweden", "name": "Suecia"}, {"id": "en:suriname", "name": "Surinamia"}, {"id": "en:svalbard-and-jan-mayen", "name": "Svalbard and Jan Mayen"}, {"id": "en:swaziland", "name": "Swazia"}, {"id": "en:syria", "name": "Syria"}, {"id": "en:tajikistan", "name": "Tadzikistania"}, {"id": "en:tanzania", "name": "Tanzania"}, {"id": "en:sri-lanka", "name": "Taprobane"}, {"id": "en:palestinian-territories", "name": "Territoria Palaestinensia"}, {"id": "en:thailand", "name": "Thailandia"}, {"id": "en:timor-leste", "name": "Timoria Orientalis"}, {"id": "en:togo", "name": "Togum"}, {"id": "en:tokelau", "name": "Tokelau"}, {"id": "en:tonga", "name": "Tonga"}, {"id": "en:trinidad-and-tobago", "name": "Trinitas et Tabacum"}, {"id": "en:tunisia", "name": "Tunesia"}, {"id": "en:turkey", "name": "Turcia"}, {"id": "en:turkmenistan", "name": "Turcomannia"}, {"id": "en:tuvalu", "name": "Tuvalu"}, {"id": "en:chad", "name": "Tzadia"}, {"id": "en:ukraine", "name": "Ucraina"}, {"id": "en:uganda", "name": "Uganda"}, {"id": "en:european-union", "name": "Unio Europaea"}, {"id": "en:united-states-minor-outlying-islands", "name": "United States Minor Outlying Islands"}, {"id": "en:unknown", "name": "Unknown"}, {"id": "en:uruguay", "name": "Uraquaria"}, {"id": "en:uzbekistan", "name": "Uzbecia"}, {"id": "en:wallis-and-futuna", "name": "Vallis et Futuna"}, {"id": "en:vanuatu", "name": "Vanuatu"}, {"id": "en:venezuela", "name": "Venetiola"}, {"id": "en:vietnam", "name": "Vietnamia"}, {"id": "en:virgin-islands-of-the-united-states", "name": "Virginis Insulae Americanae"}, {"id": "en:british-virgin-islands", "name": "Virginis Insulae Britannicae"}, {"id": "en:fiji", "name": "Viti"}, {"id": "en:zambia", "name": "Zambia"}, {"id": "en:zimbabwe", "name": "Zimbabua"}]