[{"id": "en:africa", "name": "Africa"}, {"id": "en:american-samoa", "name": "American Samoa"}, {"id": "en:anguilla", "name": "Anguilla"}, {"id": "en:antarctic", "name": "Antarctic"}, {"id": "en:arctic-sea", "name": "Arctic sea"}, {"id": "en:argentina", "name": "Argentina"}, {"id": "en:aruba", "name": "Aruba"}, {"id": "en:asia", "name": "Asia"}, {"id": "en:atlantic-ocean", "name": "Atlantic Ocean"}, {"id": "en:australia", "name": "Australia"}, {"id": "en:bouvet-island", "name": "Bouvet Island"}, {"id": "en:brazil", "name": "Brazil"}, {"id": "en:british-indian-ocean-territory", "name": "British Indian Ocean Territory"}, {"id": "en:british-virgin-islands", "name": "British Virgin Islands"}, {"id": "en:united-arab-emirates", "name": "Bunye bema-Arabhu"}, {"id": "en:caribbean-netherlands", "name": "Caribbean Netherlands"}, {"id": "en:cayman-islands", "name": "Cayman Islands"}, {"id": "en:christmas-island", "name": "Christmas Island"}, {"id": "en:cocos-keeling-islands", "name": "Cocos (Keeling) Islands"}, {"id": "en:colombia", "name": "Colombia"}, {"id": "en:cook-islands", "name": "Cook Islands"}, {"id": "en:curacao", "name": "Curaçao"}, {"id": "en:iceland", "name": "Echweni"}, {"id": "en:ecuador", "name": "Ecuador"}, {"id": "en:equatorial-guinea", "name": "Equatorial Guinea"}, {"id": "en:europe", "name": "Europe"}, {"id": "en:european-union", "name": "European Union"}, {"id": "en:falkland-islands", "name": "Falkland Islands"}, {"id": "en:faroe-islands", "name": "Faroe Islands"}, {"id": "en:federated-states-of-micronesia", "name": "Federated States of Micronesia"}, {"id": "en:fiji", "name": "Fiji"}, {"id": "en:french-guiana", "name": "French Guiana"}, {"id": "en:french-polynesia", "name": "French Polynesia"}, {"id": "en:french-southern-and-antarctic-lands", "name": "French Southern and Antarctic Lands"}, {"id": "en:gibraltar", "name": "Gibraltar"}, {"id": "en:greenland", "name": "Greenland"}, {"id": "en:guadeloupe", "name": "Guadeloupe"}, {"id": "en:guam", "name": "Guam"}, {"id": "en:guernsey", "name": "Guernsey"}, {"id": "en:guyana", "name": "Guyana"}, {"id": "en:heard-island-and-mcdonald-islands", "name": "Heard Island and McDonald Islands"}, {"id": "en:hong-kong", "name": "Hong Kong"}, {"id": "en:afghanistan", "name": "I-Afugani"}, {"id": "en:albania", "name": "I-Alibheniya"}, {"id": "en:algeria", "name": "I-Alijeriya"}, {"id": "en:angola", "name": "I-Angola"}, {"id": "en:saudi-arabia", "name": "I-Arabhiya"}, {"id": "en:armenia", "name": "I-Arimeniya"}, {"id": "en:iraq", "name": "I-Irakhi"}, {"id": "en:iran", "name": "I-Irani"}, {"id": "en:antigua-and-barbuda", "name": "IBhabudi ne Anithikhu"}, {"id": "en:barbados", "name": "IBhadosi"}, {"id": "en:the-bahamas", "name": "IBhahamasi"}, {"id": "en:bahrain", "name": "IBhaharayi"}, {"id": "en:bangladesh", "name": "IBhangladeshi"}, {"id": "en:belarus", "name": "IBhelalasi"}, {"id": "en:belgium", "name": "IBhelijiyamu"}, {"id": "en:belize", "name": "IBhelizi"}, {"id": "en:bermuda", "name": "IBhemuda"}, {"id": "en:benin", "name": "IBhenini"}, {"id": "en:bolivia", "name": "IBholiviya"}, {"id": "en:bosnia-and-herzegovina", "name": "IBhosinya ne Hezegovi"}, {"id": "en:brunei", "name": "IBhruneyi"}, {"id": "en:burkina-faso", "name": "IBhukhina-Faso"}, {"id": "en:bulgaria", "name": "IBhulgariya"}, {"id": "en:bhutan", "name": "IBhuthani"}, {"id": "en:uganda", "name": "IBuganda"}, {"id": "en:burundi", "name": "IBurundi"}, {"id": "en:netherlands", "name": "IDashi"}, {"id": "en:denmark", "name": "IDenimakhi"}, {"id": "en:dominica", "name": "IDomonokha"}, {"id": "en:philippines", "name": "IFiliphayi"}, {"id": "en:finland", "name": "IFini"}, {"id": "en:france", "name": "IFulansi"}, {"id": "en:gabon", "name": "IGabhoni"}, {"id": "en:gambia", "name": "IGambiya"}, {"id": "en:ghana", "name": "IGana"}, {"id": "en:grenada", "name": "IGelenada"}, {"id": "en:egypt", "name": "IGibhithe"}, {"id": "en:guinea", "name": "IGiniya"}, {"id": "en:guinea-bissau", "name": "IGiniya-Bhasawu"}, {"id": "en:greece", "name": "IGrikhi"}, {"id": "en:guatemala", "name": "IGwathamala"}, {"id": "en:hungary", "name": "IHangareyi"}, {"id": "en:haiti", "name": "IHayithi"}, {"id": "en:honduras", "name": "IHondulasi"}, {"id": "en:germany", "name": "IJalimane"}, {"id": "en:jamaica", "name": "IJamayikha"}, {"id": "en:japan", "name": "IJaphani"}, {"id": "en:djibouti", "name": "IJibhuthi"}, {"id": "en:georgia", "name": "IJojiya"}, {"id": "en:jordan", "name": "IJoridane"}, {"id": "en:cambodia", "name": "IKhambodiya"}, {"id": "en:cameroon", "name": "IKhameruni"}, {"id": "en:canada", "name": "IKhanada"}, {"id": "en:qatar", "name": "IKhathari"}, {"id": "en:kazakhstan", "name": "IKhazakhi"}, {"id": "en:kenya", "name": "IKheniya"}, {"id": "en:kyrgyzstan", "name": "IKhirigi"}, {"id": "en:saint-kitts-and-nevis", "name": "IKhisinevi"}, {"id": "en:comoros", "name": "IKhomoro"}, {"id": "en:democratic-republic-of-the-congo", "name": "IKhongo"}, {"id": "en:south-korea", "name": "IKhoriya leseNingizimu"}, {"id": "en:north-korea", "name": "IKhoriya leseNyakatfo"}, {"id": "en:costa-rica", "name": "IKhosta-Likha"}, {"id": "en:croatia", "name": "IKhuroshiya"}, {"id": "en:kuwait", "name": "IKhuwathi"}, {"id": "en:cuba", "name": "IKhuyubha"}, {"id": "en:latvia", "name": "ILathiviya"}, {"id": "en:laos", "name": "ILawoso"}, {"id": "en:liechtenstein", "name": "ILeshestani"}, {"id": "en:lebanon", "name": "ILibhanoni"}, {"id": "en:liberia", "name": "ILibheriya"}, {"id": "en:libya", "name": "ILibhiya"}, {"id": "en:madagascar", "name": "IMadagasikha"}, {"id": "en:north-macedonia", "name": "IMakhedoniya leseNyakatfo"}, {"id": "en:malawi", "name": "IMalawi"}, {"id": "en:malaysia", "name": "IMaleshiya"}, {"id": "en:mali", "name": "IMali"}, {"id": "en:malta", "name": "IMalitha"}, {"id": "en:oman", "name": "IMani"}, {"id": "en:myanmar", "name": "IMayanima"}, {"id": "en:mexico", "name": "IMekisikho"}, {"id": "en:united-states", "name": "IMelika"}, {"id": "en:moldova", "name": "IMolidiva"}, {"id": "en:mauritania", "name": "IMolithaniya"}, {"id": "en:monaco", "name": "IMonakho"}, {"id": "en:mongolia", "name": "IMongoliya"}, {"id": "en:montenegro", "name": "IMonthenekho"}, {"id": "en:mauritius", "name": "IMorishiyasi"}, {"id": "en:morocco", "name": "IMorokho"}, {"id": "en:mozambique", "name": "IMozambikhi"}, {"id": "en:namibia", "name": "INamibiya"}, {"id": "en:niger", "name": "INayijari"}, {"id": "en:nigeria", "name": "INayijeriya"}, {"id": "en:india", "name": "INdiya"}, {"id": "en:indonesia", "name": "INdonesiya"}, {"id": "en:nepal", "name": "INephali"}, {"id": "en:nicaragua", "name": "INikhalaga"}, {"id": "en:norway", "name": "INoweyi"}, {"id": "en:italy", "name": "INtaliyane"}, {"id": "en:pakistan", "name": "IPhakhistani"}, {"id": "en:state-of-palestine", "name": "IPhalestina"}, {"id": "en:panama", "name": "IPhanama"}, {"id": "en:peru", "name": "IPheru"}, {"id": "en:poland", "name": "IPholandi"}, {"id": "en:portugal", "name": "IPhuthukezi"}, {"id": "en:russia", "name": "IRashiya"}, {"id": "en:south-africa", "name": "IRiphabhulikhi yeNingizimu Afrika"}, {"id": "en:eritrea", "name": "IRitheya"}, {"id": "en:romania", "name": "IRomaniya"}, {"id": "en:rwanda", "name": "IRuwanda"}, {"id": "en:el-salvador", "name": "ISalivado"}, {"id": "en:cyprus", "name": "ISayiphro"}, {"id": "en:serbia", "name": "ISebhiya"}, {"id": "en:saint-lucia", "name": "ISenti-Lushiya"}, {"id": "en:seychelles", "name": "ISeyishelesi"}, {"id": "en:china", "name": "IShayina"}, {"id": "en:chad", "name": "IShedi"}, {"id": "en:chile", "name": "IShile"}, {"id": "en:singapore", "name": "ISingapholo"}, {"id": "en:syria", "name": "ISiriya"}, {"id": "en:sierra-leone", "name": "ISiriya-Liyoni"}, {"id": "en:somalia", "name": "ISomaliya"}, {"id": "en:sudan", "name": "ISudani"}, {"id": "en:sweden", "name": "ISwideni"}, {"id": "en:switzerland", "name": "ISwizalandi"}, {"id": "en:tajikistan", "name": "IThajiki"}, {"id": "en:tanzania", "name": "IThanzaniya"}, {"id": "en:thailand", "name": "IThayilandi"}, {"id": "en:taiwan", "name": "IThayiwani"}, {"id": "en:turkey", "name": "IThekhi"}, {"id": "en:trinidad-and-tobago", "name": "IThinidedi neThobhago"}, {"id": "en:togo", "name": "IThogo"}, {"id": "en:sao-tome-and-principe", "name": "IThome ne Phrinsiphe"}, {"id": "en:turkmenistan", "name": "IThumekhi"}, {"id": "en:tunisia", "name": "IThunisiya"}, {"id": "en:ethiopia", "name": "ITopiya"}, {"id": "en:vatican-city", "name": "IVathikhi"}, {"id": "en:vietnam", "name": "IViyethina"}, {"id": "en:estonia", "name": "IWestoniya"}, {"id": "en:ireland", "name": "IYalendi"}, {"id": "en:andorra", "name": "IYandola"}, {"id": "en:yemen", "name": "IYemeni"}, {"id": "en:austria", "name": "IYosithiya"}, {"id": "en:ukraine", "name": "IYukhureni"}, {"id": "en:zambia", "name": "IZambiya"}, {"id": "en:azerbaijan", "name": "IZebajani"}, {"id": "en:zimbabwe", "name": "IZimbabhwe"}, {"id": "en:uzbekistan", "name": "IZubekhi"}, {"id": "en:indian-ocean", "name": "Indian Ocean"}, {"id": "en:isle-of-man", "name": "Isle of Man"}, {"id": "en:jersey", "name": "Jersey"}, {"id": "en:israel", "name": "Ka-Israyeli"}, {"id": "en:kiribati", "name": "Kiribati"}, {"id": "en:kosovo", "name": "Kosovo"}, {"id": "en:lithuania", "name": "Lithuwani"}, {"id": "en:cote-d-ivoire", "name": "Lugu Lwempondvondlovu"}, {"id": "en:luxembourg", "name": "Lusembogu"}, {"id": "en:macau", "name": "Macau"}, {"id": "en:marshall-islands", "name": "Marshall Islands"}, {"id": "en:martinique", "name": "Martinique"}, {"id": "en:mayotte", "name": "Mayotte"}, {"id": "en:montserrat", "name": "Montserrat"}, {"id": "en:nauru", "name": "Nauru"}, {"id": "en:new-caledonia", "name": "New Caledonia"}, {"id": "en:new-zealand", "name": "New Zealand"}, {"id": "en:niue", "name": "Niue"}, {"id": "en:non-european-union", "name": "Non European Union"}, {"id": "en:norfolk-island", "name": "Norfolk Island"}, {"id": "en:northern-mariana-islands", "name": "Northern Mariana Islands"}, {"id": "en:pacific-ocean", "name": "Pacific Ocean"}, {"id": "en:palau", "name": "Palau"}, {"id": "en:palestinian-territories", "name": "Palestinian territories"}, {"id": "en:papua-new-guinea", "name": "Papua New Guinea"}, {"id": "en:paraguay", "name": "Paraguay"}, {"id": "en:pitcairn", "name": "Pitcairn"}, {"id": "en:puerto-rico", "name": "Puerto Rico"}, {"id": "en:reunion", "name": "Réunion"}, {"id": "en:saint-helena", "name": "Saint Helena"}, {"id": "en:saint-martin", "name": "Saint Martin"}, {"id": "en:saint-pierre-and-miquelon", "name": "Saint Pierre and Miquelon"}, {"id": "en:saint-vincent-and-the-grenadines", "name": "Saint Vincent and the Grenadines"}, {"id": "en:saint-barthelemy", "name": "Saint-Barthélemy"}, {"id": "en:samoa", "name": "Samoa"}, {"id": "en:san-marino", "name": "San Marino"}, {"id": "en:senegal", "name": "Senegal"}, {"id": "en:czech-republic", "name": "Shekhi"}, {"id": "en:cape-verde", "name": "Sihlenge Lesiluhlata"}, {"id": "en:slovakia", "name": "Silovakhi"}, {"id": "en:slovenia", "name": "Siloveni"}, {"id": "en:sint-maarten", "name": "Sint Maarten"}, {"id": "en:spain", "name": "Sipeyini"}, {"id": "en:sri-lanka", "name": "Siri Lanka"}, {"id": "en:solomon-islands", "name": "Solomon Islands"}, {"id": "en:south-georgia-and-the-south-sandwich-islands", "name": "South Georgia and the South Sandwich Islands"}, {"id": "en:south-sudan", "name": "South Sudan"}, {"id": "en:south-america", "name": "South-America"}, {"id": "en:suriname", "name": "Suriname"}, {"id": "en:svalbard-and-jan-mayen", "name": "Svalbard and Jan Mayen"}, {"id": "en:dominican-republic", "name": "Tibuse weDomonokha"}, {"id": "en:republic-of-the-congo", "name": "Tibuse weKhongo"}, {"id": "en:maldives", "name": "Tihlenge teMaldiva"}, {"id": "en:timor-leste", "name": "Timor-Leste"}, {"id": "en:tokelau", "name": "Tokelau"}, {"id": "en:tonga", "name": "Tonga"}, {"id": "en:turks-and-caicos-islands", "name": "Turks and Caicos Islands"}, {"id": "en:tuvalu", "name": "Tuvalu"}, {"id": "en:swaziland", "name": "Umbuso weSwatini"}, {"id": "en:central-african-republic", "name": "Umkhatsi we-Afrikha"}, {"id": "en:united-kingdom", "name": "United Kingdom"}, {"id": "en:united-states-minor-outlying-islands", "name": "United States Minor Outlying Islands"}, {"id": "en:unknown", "name": "Unknown"}, {"id": "en:uruguay", "name": "Uruguay"}, {"id": "en:vanuatu", "name": "Vanuatu"}, {"id": "en:venezuela", "name": "Venezuela"}, {"id": "en:virgin-islands-of-the-united-states", "name": "Virgin Islands of the United States"}, {"id": "en:wallis-and-futuna", "name": "Wallis and Futuna"}, {"id": "en:western-sahara", "name": "Western Sahara"}, {"id": "en:yugoslavia", "name": "Yugoslavia"}, {"id": "en:aland-islands", "name": "Åland Islands"}, {"id": "en:botswana", "name": "ÉButjwána"}, {"id": "en:lesotho", "name": "ÉLusûtfu"}, {"id": "en:world", "name": "Úmhlâba"}]