[{"id": "en:africa", "name": "Africa"}, {"id": "en:albania", "name": "Albania"}, {"id": "en:american-samoa", "name": "American Samoa"}, {"id": "en:andorra", "name": "Andorra"}, {"id": "en:anguilla", "name": "Anguilla"}, {"id": "en:antarctic", "name": "Antarctic"}, {"id": "en:antigua-and-barbuda", "name": "Antigua and Barbuda"}, {"id": "en:arctic-sea", "name": "Arctic sea"}, {"id": "en:argentina", "name": "Argentina"}, {"id": "en:armenia", "name": "Armenia"}, {"id": "en:aruba", "name": "Aruba"}, {"id": "en:asia", "name": "Asia"}, {"id": "en:atlantic-ocean", "name": "Atlantic Ocean"}, {"id": "en:azerbaijan", "name": "Azerbaijan"}, {"id": "en:bahrain", "name": "Bahrain"}, {"id": "en:bangladesh", "name": "Bangladesh"}, {"id": "en:barbados", "name": "Barbados"}, {"id": "en:belgium", "name": "Belgium"}, {"id": "en:belize", "name": "Belize"}, {"id": "en:bermuda", "name": "Bermuda"}, {"id": "en:bhutan", "name": "Bhutan"}, {"id": "en:bolivia", "name": "Bolivia"}, {"id": "en:bosnia-and-herzegovina", "name": "Bosnia and Herzegovina"}, {"id": "en:bouvet-island", "name": "Bouvet Island"}, {"id": "en:british-indian-ocean-territory", "name": "British Indian Ocean Territory"}, {"id": "en:british-virgin-islands", "name": "British Virgin Islands"}, {"id": "en:brunei", "name": "Brunei"}, {"id": "en:cambodia", "name": "Cambodia"}, {"id": "en:caribbean-netherlands", "name": "Caribbean Netherlands"}, {"id": "en:cayman-islands", "name": "Cayman Islands"}, {"id": "en:central-african-republic", "name": "Central African Republic"}, {"id": "en:chile", "name": "Chili"}, {"id": "en:christmas-island", "name": "Christmas Island"}, {"id": "en:cocos-keeling-islands", "name": "Cocos (Keeling) Islands"}, {"id": "en:cook-islands", "name": "Cook Islands"}, {"id": "en:costa-rica", "name": "Costa Rica"}, {"id": "en:croatia", "name": "Croatia"}, {"id": "en:cuba", "name": "Cuba"}, {"id": "en:curacao", "name": "Curaçao"}, {"id": "en:cyprus", "name": "Cyprus"}, {"id": "en:dominica", "name": "Dominica"}, {"id": "en:dominican-republic", "name": "Dominican Republic"}, {"id": "en:ecuador", "name": "Ecuador"}, {"id": "en:el-salvador", "name": "El Salvador"}, {"id": "en:europe", "name": "Europe"}, {"id": "en:european-union", "name": "European Union"}, {"id": "en:falkland-islands", "name": "Falkland Islands"}, {"id": "en:faroe-islands", "name": "Faroe Islands"}, {"id": "en:federated-states-of-micronesia", "name": "Federated States of Micronesia"}, {"id": "en:french-guiana", "name": "French Guiana"}, {"id": "en:french-polynesia", "name": "French Polynesia"}, {"id": "en:french-southern-and-antarctic-lands", "name": "French Southern and Antarctic Lands"}, {"id": "en:georgia", "name": "Georgia"}, {"id": "en:gibraltar", "name": "Gibraltar"}, {"id": "en:greenland", "name": "Greenland"}, {"id": "en:grenada", "name": "Grenada"}, {"id": "en:guadeloupe", "name": "Guadeloupe"}, {"id": "en:guam", "name": "Guam"}, {"id": "en:guatemala", "name": "Guatemala"}, {"id": "en:guernsey", "name": "Guernsey"}, {"id": "en:guyana", "name": "Guyana"}, {"id": "en:haiti", "name": "Haiti"}, {"id": "en:heard-island-and-mcdonald-islands", "name": "Heard Island and McDonald Islands"}, {"id": "en:honduras", "name": "Honduras"}, {"id": "en:hong-kong", "name": "Hong Kong"}, {"id": "en:hungary", "name": "Hungary"}, {"id": "en:afghanistan", "name": "I-Afganistani"}, {"id": "en:angola", "name": "I-Angola"}, {"id": "en:ireland", "name": "I-Ayilendi"}, {"id": "en:iceland", "name": "I-Ayisilandi"}, {"id": "en:eritrea", "name": "I-Eritrea"}, {"id": "en:estonia", "name": "I-Estoniya"}, {"id": "en:iraq", "name": "I-Iraki"}, {"id": "en:iran", "name": "I-Irani"}, {"id": "en:ethiopia", "name": "I-Ithiopia"}, {"id": "en:australia", "name": "I-Ostreliya"}, {"id": "en:austria", "name": "I-Ostriya"}, {"id": "en:algeria", "name": "IAljiriya"}, {"id": "en:belarus", "name": "IBelarusi"}, {"id": "en:benin", "name": "IBenini"}, {"id": "en:brazil", "name": "IBrazili"}, {"id": "en:burkina-faso", "name": "IBukhina Faso"}, {"id": "en:bulgaria", "name": "IBulgariya"}, {"id": "en:burundi", "name": "IBurundi"}, {"id": "en:botswana", "name": "IButswana"}, {"id": "en:denmark", "name": "IDenimaki"}, {"id": "en:fiji", "name": "IFiji"}, {"id": "en:finland", "name": "IFinlandi"}, {"id": "en:france", "name": "IFulansi"}, {"id": "en:gabon", "name": "IGaboni"}, {"id": "en:gambia", "name": "IGambia"}, {"id": "en:ghana", "name": "IGana"}, {"id": "en:egypt", "name": "IGibhithe"}, {"id": "en:guinea", "name": "IGini"}, {"id": "en:guinea-bissau", "name": "IGini Bisawu"}, {"id": "en:equatorial-guinea", "name": "IGini Enkabazwe"}, {"id": "en:greece", "name": "IGreki"}, {"id": "en:germany", "name": "IJalimani"}, {"id": "en:japan", "name": "IJapani"}, {"id": "en:djibouti", "name": "IJibuthi"}, {"id": "en:cameroon", "name": "IKamerooni"}, {"id": "en:kenya", "name": "IKenya"}, {"id": "en:canada", "name": "IKhanada"}, {"id": "en:cape-verde", "name": "IKhepi Vedhi"}, {"id": "en:colombia", "name": "IKolombiya"}, {"id": "en:republic-of-the-congo", "name": "IKongo"}, {"id": "en:latvia", "name": "ILatviya"}, {"id": "en:liberia", "name": "ILiberia"}, {"id": "en:libya", "name": "ILibiya"}, {"id": "en:lithuania", "name": "ILithuwaniya"}, {"id": "en:madagascar", "name": "IMadagasika"}, {"id": "en:malawi", "name": "IMalawi"}, {"id": "en:mali", "name": "IMali"}, {"id": "en:malta", "name": "IMalta"}, {"id": "en:mayotte", "name": "IMayotte"}, {"id": "en:mexico", "name": "IMekisiko"}, {"id": "en:united-states", "name": "IMelika"}, {"id": "en:mauritius", "name": "IMorishisi"}, {"id": "en:mauritania", "name": "IMoritaniya"}, {"id": "en:morocco", "name": "IMorokho"}, {"id": "en:mozambique", "name": "IMozambiki"}, {"id": "en:namibia", "name": "INamibhiya"}, {"id": "en:niger", "name": "INayighe"}, {"id": "en:india", "name": "INdiya"}, {"id": "en:nigeria", "name": "INigeria"}, {"id": "en:norway", "name": "INoki"}, {"id": "en:new-zealand", "name": "INyuzilandi"}, {"id": "en:pakistan", "name": "IPakistani"}, {"id": "en:portugal", "name": "IPhothugali"}, {"id": "en:poland", "name": "IPolandi"}, {"id": "en:russia", "name": "IRashiya"}, {"id": "en:democratic-republic-of-the-congo", "name": "IRiphabliki Labantu weKongo"}, {"id": "en:south-africa", "name": "IRiphabliki yaseNingizimu Afrika"}, {"id": "en:reunion", "name": "IRiyunion"}, {"id": "en:rwanda", "name": "IRuwanda"}, {"id": "en:sao-tome-and-principe", "name": "ISawu Tome noPhrinitshipeyi"}, {"id": "en:senegal", "name": "ISenegal"}, {"id": "en:serbia", "name": "ISerbiya"}, {"id": "en:china", "name": "IShayina"}, {"id": "en:sierra-leone", "name": "ISiera Liyoni"}, {"id": "en:slovakia", "name": "ISlovaki"}, {"id": "en:somalia", "name": "ISomalia"}, {"id": "en:spain", "name": "ISpeyini"}, {"id": "en:south-sudan", "name": "ISudan yaseNingizimu"}, {"id": "en:swaziland", "name": "ISwazilandi"}, {"id": "en:sweden", "name": "ISwidi"}, {"id": "en:italy", "name": "ITaliya"}, {"id": "en:tanzania", "name": "ITanzania"}, {"id": "en:turkey", "name": "ITheki"}, {"id": "en:togo", "name": "ITogo"}, {"id": "en:chad", "name": "ITshedi"}, {"id": "en:czech-republic", "name": "ITsheki"}, {"id": "en:tunisia", "name": "ITunisia"}, {"id": "en:vietnam", "name": "IViyetnami"}, {"id": "en:yemen", "name": "IYemen"}, {"id": "en:uganda", "name": "IYuganda"}, {"id": "en:zambia", "name": "IZambiya"}, {"id": "en:zimbabwe", "name": "IZimbabwe"}, {"id": "en:indian-ocean", "name": "Indian Ocean"}, {"id": "en:vatican-city", "name": "Indolobha yaseVathikhani"}, {"id": "en:indonesia", "name": "Indonesia"}, {"id": "en:comoros", "name": "IsiKhomorosi"}, {"id": "en:seychelles", "name": "IsiSeyisheli"}, {"id": "en:isle-of-man", "name": "Isle of Man"}, {"id": "en:israel", "name": "Isreyili"}, {"id": "en:jamaica", "name": "Jamaica"}, {"id": "en:jersey", "name": "Jersey"}, {"id": "en:jordan", "name": "Jordan"}, {"id": "en:kazakhstan", "name": "Kazakhstan"}, {"id": "en:kiribati", "name": "Kiribati"}, {"id": "en:kosovo", "name": "Kosovo"}, {"id": "en:kuwait", "name": "Kuwait"}, {"id": "en:kyrgyzstan", "name": "Kyrgyzstan"}, {"id": "en:laos", "name": "Laos"}, {"id": "en:lebanon", "name": "Lebanon"}, {"id": "en:liechtenstein", "name": "Liechtenstein"}, {"id": "en:luxembourg", "name": "Luxembourg"}, {"id": "en:macau", "name": "Macau"}, {"id": "en:malaysia", "name": "Malaysia"}, {"id": "en:maldives", "name": "Maldives"}, {"id": "en:marshall-islands", "name": "Marshall Islands"}, {"id": "en:martinique", "name": "Martinique"}, {"id": "en:moldova", "name": "Moldova"}, {"id": "en:monaco", "name": "Monaco"}, {"id": "en:mongolia", "name": "Mongolia"}, {"id": "en:montenegro", "name": "Montenegro"}, {"id": "en:montserrat", "name": "Montserrat"}, {"id": "en:myanmar", "name": "Myanmar"}, {"id": "en:nauru", "name": "Nauru"}, {"id": "en:nepal", "name": "Nepal"}, {"id": "en:netherlands", "name": "Netherlands"}, {"id": "en:new-caledonia", "name": "New Caledonia"}, {"id": "en:nicaragua", "name": "Nicaragua"}, {"id": "en:niue", "name": "Niue"}, {"id": "en:non-european-union", "name": "Non European Union"}, {"id": "en:norfolk-island", "name": "Norfolk Island"}, {"id": "en:north-korea", "name": "North Korea"}, {"id": "en:north-macedonia", "name": "North Macedonia"}, {"id": "en:northern-mariana-islands", "name": "Northern Mariana Islands"}, {"id": "en:lesotho", "name": "OSotho"}, {"id": "en:oman", "name": "Oman"}, {"id": "en:pacific-ocean", "name": "Pacific Ocean"}, {"id": "en:palau", "name": "Palau"}, {"id": "en:palestinian-territories", "name": "Palestinian territories"}, {"id": "en:panama", "name": "Panama"}, {"id": "en:papua-new-guinea", "name": "Papua New Guinea"}, {"id": "en:paraguay", "name": "Paraguay"}, {"id": "en:peru", "name": "Peru"}, {"id": "en:philippines", "name": "Philippines"}, {"id": "en:pitcairn", "name": "Pitcairn"}, {"id": "en:puerto-rico", "name": "Puerto Rico"}, {"id": "en:qatar", "name": "Qatar"}, {"id": "en:romania", "name": "Romania"}, {"id": "en:saint-helena", "name": "Saint Helena"}, {"id": "en:saint-kitts-and-nevis", "name": "Saint Kitts and Nevis"}, {"id": "en:saint-lucia", "name": "Saint Lucia"}, {"id": "en:saint-martin", "name": "Saint Martin"}, {"id": "en:saint-pierre-and-miquelon", "name": "Saint Pierre and Miquelon"}, {"id": "en:saint-vincent-and-the-grenadines", "name": "Saint Vincent and the Grenadines"}, {"id": "en:saint-barthelemy", "name": "Saint-Barthélemy"}, {"id": "en:samoa", "name": "Samoa"}, {"id": "en:saudi-arabia", "name": "Saudi Arabia"}, {"id": "en:singapore", "name": "Singapore"}, {"id": "en:sint-maarten", "name": "Sint Maarten"}, {"id": "en:slovenia", "name": "Slovenia"}, {"id": "en:solomon-islands", "name": "Solomon Islands"}, {"id": "en:south-georgia-and-the-south-sandwich-islands", "name": "South Georgia and the South Sandwich Islands"}, {"id": "en:south-korea", "name": "South Korea"}, {"id": "en:south-america", "name": "South-America"}, {"id": "en:sri-lanka", "name": "Sri Lanka"}, {"id": "en:state-of-palestine", "name": "State of Palestine"}, {"id": "en:sudan", "name": "Sudan"}, {"id": "en:suriname", "name": "Suriname"}, {"id": "en:svalbard-and-jan-mayen", "name": "Svalbard and Jan Mayen"}, {"id": "en:switzerland", "name": "Switzerland"}, {"id": "en:syria", "name": "Syria"}, {"id": "en:taiwan", "name": "Taiwan"}, {"id": "en:tajikistan", "name": "Tajikistan"}, {"id": "en:thailand", "name": "Thailand"}, {"id": "en:the-bahamas", "name": "The Bahamas"}, {"id": "en:timor-leste", "name": "Timor-Leste"}, {"id": "en:tokelau", "name": "Tokelau"}, {"id": "en:tonga", "name": "Tonga"}, {"id": "en:trinidad-and-tobago", "name": "Trinidad and Tobago"}, {"id": "en:turkmenistan", "name": "Turkmenistan"}, {"id": "en:turks-and-caicos-islands", "name": "Turks and Caicos Islands"}, {"id": "en:tuvalu", "name": "Tuvalu"}, {"id": "en:san-marino", "name": "USanti Marino"}, {"id": "en:cote-d-ivoire", "name": "Ugu Emhlophe"}, {"id": "en:ukraine", "name": "Ukraine"}, {"id": "en:united-kingdom", "name": "Umbuso Ohlangeneyo"}, {"id": "en:united-arab-emirates", "name": "United Arab Emirates"}, {"id": "en:united-states-minor-outlying-islands", "name": "United States Minor Outlying Islands"}, {"id": "en:unknown", "name": "Unknown"}, {"id": "en:uruguay", "name": "Uruguay"}, {"id": "en:uzbekistan", "name": "Uzbekistan"}, {"id": "en:vanuatu", "name": "Vanuatu"}, {"id": "en:venezuela", "name": "Venezuela"}, {"id": "en:virgin-islands-of-the-united-states", "name": "Virgin Islands of the United States"}, {"id": "en:wallis-and-futuna", "name": "Wallis and Futuna"}, {"id": "en:western-sahara", "name": "Western Sahara"}, {"id": "en:world", "name": "World"}, {"id": "en:yugoslavia", "name": "Yugoslavia"}, {"id": "en:aland-islands", "name": "Åland Islands"}]